DOI,PubMed_ID,Year,Source_Title,Cell_Source,Recipient_Cell,Target_Protein,Max_Effect_Pct,Dose,Dose_Response_Curve_YN,Concentration_Range,ED50_or_IC50,Notes,Paper_Link
10.3390/biology11101483,36290387,2022,Biology,HEK-293FT,HROG36 (GBM cell line); U87 MG (GBM cell line); BJ-5ta human fibroblasts,GAPDH,,,N,,,,https://www.ncbi.nlm.nih.gov/pmc/articles/PMC9598886/pdf/biology-11-01483.pdf
10.1186/s13287-021-02401-x,34112262,2021,Stem Cell Research and Therapy,MSC,ATCC astrocytes,BDNF; TGFB1; CTGF,,50uL exo-sirna with 5E4 cells/well,N,,,,https://www.ncbi.nlm.nih.gov/pmc/articles/PMC8193895/pdf/13287_2021_Article_2401.pdf
10.3389/fonc.2022.822805,35982974,2022,Frontiers in Oncology,dendritic cells,DLBCL cells; OCI-Ly8,BCL6,,12 mg of purified exosomes and 400 nM (for in vitro assay),N,,,,https://www.sciencedirect.com/science/article/pii/S2452199X21004333
10.1186/s12951-022-01696-z,36402996,2022,Journal of Nanobiotechnology,ADSC,M1 macrophages,MMP-9; MMP-2; MMP-13,,,N,,,,https://jnanobiotechnology.biomedcentral.com/articles/10.1186/s12951-022-01696-z
10.3389/fphar.2022.882243,36120332,2022,Frontiers in Pharmacology,Adipose tissue dervied MSCs,HSCs,Opn; Col1a1; Acta2,,"1 ug, 5ug",N,,,,https://www.frontiersin.org/articles/10.3389/fphar.2022.882243/full
10.1126/sciadv.aba3967,33310840,2020,Science Advances,primary bone marrow derived immature dendritic cells,SNCA–mCherry–SH-SY5Y cells,SNCA; a-syn-mCherry,,,N,,,,https://www.science.org/doi/pdf/10.1126/sciadv.aba3967
10.1038/s41598-021-85242-1,33723306,2021,Scientific Reports,fibroblasts,SAS; HSC-3,LCP1,,10ug/mL,N,,,,https://www.nature.com/articles/s41598-021-85242-1
10.1016/j.jconrel.2022.03.036,35341901,2022,Journal of Controlled Release,bone marrow MSC,GBM cells,luciferase,,,N,,,,https://pdf.sciencedirectassets.com/271103/1-s2.0-S0168365922X00047/1-s2.0-S0168365922001626/main.pdf?X-Amz-Security-Token=IQoJb3JpZ2luX2VjELz%2F%2F%2F%2F%2F%2F%2F%2F%2F%2FwEaCXVzLWVhc3QtMSJGMEQCIF8DeYQjG19H1o8UdN%2Bfi28i5o7rmpP755GKJxDc2%2FqyAiB7v1qBhU01cQui9Z%2FsiPOj0Dl%2BWxBeSg%2FuYHwEl%2BLzfSq7BQi1%2F%2F%2F%2F%2F%2F%2F%2F%2F%2F8BEAUaDDA1OTAwMzU0Njg2NSIMa4Y%2Fm9JTIVs7jhlkKo8FBEmjQHEyM1EhVfKfHJ%2FYXNnknRjA0LXEqa1DZU9iaoH%2FhDMfneT006CYid36VuTxP9ana3xHBGLJHwVkq%2BPa7jg2L6G7oShXiOdp4PTWs2eysjXr12mW%2F%2FhDtoYLV%2BUNtcUdRmJAKk2jVgBQdpeQYkZiWLHajU210zq1XVhA0tWDf8paKcK8lp%2Bx309rbvBtbHZne2wUKRLLeQm3rsSjZfoZFZThYvDeW8N43GR47OOJFfIy4mmQgqCWpIxnW01c56jcg4we7%2BcaGWiaw5vtr8jZ6SrLjvwyQ4qqSLBJGbP28PNbw%2Fsdh%2B8Ymv7P9xNggkNg2l7RoTv4DaxdHZC3cvkQOFOnAykYGJ1V4Gso3JNMk%2BUF7TBCUja62p6mzBqbdpQG7A45LMtVzyYZ12MEHs3bgj%2BbbSSY4k%2FdA8PuizQxr4IpMQePKyTTARUbIa1mrLBDcfbKZB4b9wYw0A4GvaMo6nOdAjXTuNmriCOFvayXbRgnIjAMIv%2FW80alhzkyq9rYCDbawXCbOB5d9h4F69cpICxDjG2rPEi%2FzMB%2BkNMc3K3ecYC9O2jOUixJHXeMjAHOwqBlfnen0UWC7UAGipvmt3LnE9%2FwgTgEjzXARpNiqFDzM%2FV7DNjQ5JcVdweAnhSuLhGwJ8ObVU59hrQGTZKy%2F0OZvz%2FqPxZfqJpd8iotRLFyVfuuYFAZsJLG%2F6RmeMwbPnTJ24elXAj%2BfWMPa9XnQrH6dsEmc3cMyrnPWd3El%2B%2BkpqIGkZ1DzeMRbnV2wyZFj47ove378AbQh7RPm2aL9lvxzRLut8vs2yHNvk5iIhFhoEMA3tDtxTptR7G%2BIMqsbkfgHiH6Rj4E6kXHvH6UHpM6vGEDk1cDHLLiPDCvi9moBjqyAZ3KfFQhhWFTPn3yIxRlL6PSh64YYQpVFmlTPPK6X0XZ3waRNN6hlKCiLKrrpswBnvPp7X2nlPv0jIjiRTSdCkuU0jkp4aKl%2F%2Fnd3oWg79u5qY0SBkUj8dH41Z5%2FNZN6y5PwZMrETEOITAO7oGpE%2BFLldKbbAvn2R8wTQXmskyl7WEhyiqQNgfoTwQi39b%2BBhefl4ZDFO8iNfOUqtsXFSABUn6EWYIy5a1nrP4sd1ssXCgo%3D&X-Amz-Algorithm=AWS4-HMAC-SHA256&X-Amz-Date=20230929T042148Z&X-Amz-SignedHeaders=host&X-Amz-Expires=300&X-Amz-Credential=ASIAQ3PHCVTY72DMB23E%2F20230929%2Fus-east-1%2Fs3%2Faws4_request&X-Amz-Signature=4af57b8c47b712b5dadf40b2d02c495187fbb7f464dbd55a83dae2752c7a1e0e&hash=e5f741df6ce1ddcf5df9574df38efe3d7a7dc113ce7ec0bd48790569c0dde434&host=68042c943591013ac2b2430a89b270f6af2c76d8dfd086a07176afe7c76c2c61&pii=S0168365922001626&tid=spdf-962a90af-f4f2-46b5-b35f-7fa5807c5106&sid=53b8a47b864eb742a60b8fe89928d4a5acaegxrqa&type=client&tsoh=d3d3LnNjaWVuY2VkaXJlY3QuY29t&ua=0f105b51035e59555451&rr=80e171038bb753ab&cc=us
10.1080/15384047.2021.2024040,35171081,2022,Cancer Biology and Therapy,WPMY-1 cell,LNCaP-AI cells,FLOH1; NKX3; DHRS7,,2ug/ul,N,,,,https://www.ncbi.nlm.nih.gov/pmc/articles/PMC8855870/pdf/KCBT_23_2024040.pdf
10.1007/s12094-021-02682-x,34287816,2022,Clinical and Translational Oncology,HEK293T,Anaplastic thyroid carcinoma (ATC) cells; Hth-7 cells,SCD-1,,10nM; 100nM; 500nM,Y,"10nm, 100nm, 500nm",,,https://link.springer.com/article/10.1007/s12094-021-02682-x
10.1002/1878-0261.13052,34213835,2021,Molecular Oncology,HEK 293T,sw480; HCT-116; sw480-lohp; HCT-116-lohp,CPT1A,53.58; 71.43; 35.72; 58.93; 67.24; 84.49; 36.67; 71.67,,N,,,,https://febs.onlinelibrary.wiley.com/doi/10.1002/1878-0261.13052
10.1016/j.cej.2021.129774,,2021,Chemical Engineering Journal,RAW 264.7 cells,MC38 cells,FGL1; TGFB1,,Exo/siRNA (10 μg exosome and 200 nM siRNA),N,,,,https://www.scopus.com/inward/record.uri?eid=2-s2.0-85104572809&doi=10.1016%2fj.cej.2021.129774&partnerID=40&md5=41569339dcb6582bcb9ae97d2b75ff03
10.3892/ijmm.2021.5041,34608501,2021,International Journal of Molecular Medicine,MSC,THP‑1 macrophage‑derived foam cells,LOC100129516; caspase‑3/ cleaved ccaspase‑3; PPARγ; LXRα; ABCA1,,,N,,,,https://www.ncbi.nlm.nih.gov/pmc/articles/PMC8510681/pdf/ijmm-48-06-05041.pdf
10.1021/acsabm.0c01153,35014481,2021,ACS Applied Bio Materials,HEK293 ,H9C2 cells,RAGE,,,N,,,,https://pubs.acs.org/doi/10.1021/acsabm.0c01153
10.1089/nat.2021.0002,33999716,2021,Nucleic Acid Therapeutics,HEK293T,H596 cells; H1568 cells,survivin gene,,50 nM of siRNA concentration,N,,20 nmol/kg in vivo; 21 nmol/kg in vivo,,https://www.ncbi.nlm.nih.gov/pmc/articles/PMC8591058/pdf/nat.2021.0002.pdf
10.1096/fj.202002777RR,33855751,2021,FASEB Journal,MSC,HSC,Stat3,,5ug/2billion iExo,N,,,,https://faseb.onlinelibrary.wiley.com/doi/epdf/10.1096/fj.202002777RR
10.1039/d1nr08170e,35133380,2022,Nanoscale,MSC,A549 cells,survivin,,,N,,,,https://pubs.rsc.org/en/content/articlepdf/2022/nr/d1nr08170e
10.3390/ph14090858,34577558,2021,Pharmaceuticals,Non-Pigmented Ciliary Epithelium cells,trabecular meshwork (TM) cells,B-caterin; GSK3B; SMAD7; TGFB2,,10ugEV + 10ug siRNA,N,,,,https://www.mdpi.com/1424-8247/14/9/858
10.1016/j.canlet.2019.02.011,30771430,2019,Cancer Letters,Milk Exo,A549 cells,KRAS,72,,Y,7(0 to 100 pmole/ml),,DR for cellular viability,https://www.sciencedirect.com/science/article/pii/S0304383519300837?casa_token=oIIJrRqKzOIAAAAA:plzOLZszOUoz2X718QqLwbgY2tG5RF2QQTrp0WXlW59KLm_paQWYXQjXYej_3ZmSzgS0rGQ
10.1111/cas.13488,29285843,2018,Cancer Science,HEK 293,SGC-7901 cells,HGF; VEGF,70; 42.21,,N,,,,https://onlinelibrary.wiley.com/doi/10.1111/cas.13488
10.1016/j.ymthe.2018.05.024,29937418,2018,Molecular Therapy,umbilical cord-derived MSC,primary murine cortical neurons,Huntingtin mRNA (siRNA Chol-C7); Huntingtin mRNA (siRNA Chol-TEG),62.44; 78.11,,Y,0 to 10^-6 M (7 point),,,https://www-sciencedirect-com.libproxy.lib.unc.edu/science/article/pii/S1525001618302570
10.1038/s41598-018-32953-7,30279553,2018,Scientific Reports,ginger,KB cells,survivin,,,N,"[0,80ug/ml]","NA for HEK293, 87.68ug/ml for RAW264.7, 98703 ug/ml for KB",The LD50 is for cellular vialbilty and not knockdown,https://www.nature.com/articles/s41598-018-32953-7
10.1016/j.jconrel.2019.08.021,31446085,2019,Journal of Controlled Release,HEK-293,KB Cells,Survivin,63,,N,,,,https://www.sciencedirect.com/science/article/pii/S016836591930505X?casa_token=evnc8TnGmosAAAAA:0BCdWKywdNtHzBtRvguFZag8xtXVSfhh2TMaCDerGjqbw_pfN0x34sm_pZPQdy-DZUFSLzw#s0035
10.1016/j.ajps.2019.04.002,,2020,Asian Journal of Pharmaceutical Sciences,HEK293T tLyp-1,A549 cells,SOX2 mRNA,68.3,,N,,,,https://www.sciencedirect.com/science/article/pii/S1818087619301424
10.1002/hep4.1462,32025612,2020,Hepatology Communications,fat free bovine milk,LCSC; Hep3B; HeLa,BCAT; Cyclin D1,,5 uM; 0.5uM,N,,,,https://aasldpubs.onlinelibrary.wiley.com/doi/epdf/10.1002/hep4.1462
10.1007/s11481-019-09895-6,31823250,2020,Journal of Neuroimmune Pharmacology,HTHU exosomes ,HTHU-HIV microglial cells,Tspan2; SDF-1 (down stream effect of Tspan2 silencing); CXCR4  (down stream effect of Tspan2 silencing); IL-13  (down stream effect of Tspan2 silencing); IL-10  (down stream effect of Tspan2 silencing),0.86; 83; 76; 80; 84,,Y,"10,20,40 pmol siRNA; 20 , 40 pmol of siRNA; 21 , 40 pmol of siRNA; 22 , 40 pmol of siRNA; 23 , 40 pmol of siRNA",,,https://link-springer-com.libproxy.lib.unc.edu/article/10.1007/s11481-019-09895-6
10.1007/s12010-018-2813-4,29951961,2019,Applied Biochemistry and Biotechnology,HEK293T,SKBR3 cells,TPD52,,100 μl (3 μg) of siRNA-loaded exosome,N,,,,https://link.springer.com/article/10.1007/s12010-018-2813-4
10.1016/j.isci.2019.05.029,31195240,2019,iScience,Umbilical cord MSC,primary neurons,htt,,,Y,,,,https://www.ncbi.nlm.nih.gov/pmc/articles/PMC6562145/pdf/main.pdf
10.1038/s41551-019-0502-4,31937944,2020,Nature Biomedical Engineering,NSC-34 cells,NSC-34; Neuro2a; BV2,GFP,,,N,,,,https://www.nature.com/articles/s41551-019-0502-4
10.1016/j.ymthe.2018.03.019,29699940,2018,Molecular Therapy,Wharton’s-jelly-derived (umbilical cord) mesenchymal stem cells,primary mouse neurons,htt,,,Y,,,,https://www.ncbi.nlm.nih.gov/pmc/articles/PMC5986735/pdf/main.pdf
10.1186/s12951-018-0429-z,30572882,2018,Journal of Nanobiotechnology,BM-MSCs,HepG2,GRP78,65,,N,,,,https://jnanobiotechnology.biomedcentral.com/articles/10.1186/s12951-018-0429-z#Sec10
10.1002/jcp.28704,31012118,2019,Journal of Cellular Physiology,SH‐SY5Y ,SH‐SY5Y,HSP27 mRNA,53.3,,N,,,,https://onlinelibrary.wiley.com/doi/full/10.1002/jcp.28704
10.2147/IJN.S231214,32308384,2020,International Journal of Nanomedicine,HEK 293T,SGC7901; SGC7901/DDP,c-Met,68.4; 49.08,,N,,,,https://www.dovepress.com/exosome-delivered-c-met-sirna-could-reverse-chemoresistance-to-cisplat-peer-reviewed-fulltext-article-IJN
10.1038/s41565-017-0012-z,29230043,2018,Nature Nanotechnology,HEK293T,LNCAP cells; PC3 cells,survivin,,,N,,,,https://www.nature.com/articles/s41565-017-0012-z
10.1016/j.jconrel.2019.12.032,31866504,2020,Journal of Controlled Release,SKOV3 cells,SKOV3 cells; PC3; HCT-116; Saos-2,Luciferase,89.22; 70.37; 57.39; 64.93; 72.5; 65.35; 50.69; 54.87; 82.67; 70.1; 58.62; 57.43; 42.78; 33.67; 21.39; 26.94,,N,,,,https://www.sciencedirect.com/science/article/pii/S0168365919307515?via%3Dihub
10.1186/s41544-019-0034-9,,2019,ExRNA,HEK293T,A549 cells,KRAS,,,N,,,,https://exrna.biomedcentral.com/articles/10.1186/s41544-019-0034-9
10.1016/j.ymthe.2017.03.021,28392161,2017,Molecular Therapy,N2A,HEK 293,Human antigen R (HuR),54.2,600 nM,Y,"100, 200, 300, 400, 600nM",,,https://www.sciencedirect.com/science/article/pii/S152500161730120X?via%3Dihub
10.1002/adfm.201601430,,2016,Advanced Functional Materials,HEK293 ,GFP-HelA; hADSC; hNSC; hPSCs; hADSCs,EGFP; GADPH; GAPDH; GNAS; REST,,,N,,,,https://www.scopus.com/inward/record.uri?eid=2-s2.0-84977605562&doi=10.1002%2fadfm.201601430&partnerID=40&md5=6a578afb17062392ef65abcb462d89c5
10.1007/s12195-016-0457-4,27800035,2016,Cellular and Molecular Bioengineering,HEK293T,HEK293T; MCF-7,GAPDH; HER2,,20nM,Y,"0,5,10,20nM",,,https://www.ncbi.nlm.nih.gov/pmc/articles/PMC5084850/pdf/nihms801555.pdf
10.7314/APJCP.2015.16.10.4203,26028073,2015,Asian Pacific Journal of Cancer Prevention,U937 macrophage,BGC-823,miR-21,,,N,,,,https://journal.waocp.org/article_31067_4df3be502a61a11b5a5df8f124935772.pdf
10.1186/1478-811X-11-88,24245560,2013,Cell Communication and Signaling,Hela,Hela,RAD-51,41.3,,N,,,,https://biosignaling.biomedcentral.com/articles/10.1186/1478-811X-11-88
10.7150/thno.17092,28435469,2017,Theranostics,HEK293T,LAMA84; K562; K562R,BCR-ABL,,1 ug/ul,N,,,,https://www.thno.org/v07p1333.pdf
10.1007/s10753-016-0494-0,28000095,2017,Inflammation,IPSC,HMVEC,ICAM-1,56.3,,N,,,,https://link.springer.com/article/10.1007/s10753-016-0494-0
10.1038/mt.2016.126,27506293,2016,Molecular Therapy,U87 glioblastoma,primary cortical neurons,Huntingtin protein,68,,Y,3 to 100 (10^8 particles/well),,,https://www.sciencedirect.com/science/article/pii/S1525001616454110
10.1016/j.urology.2016.01.028,26876462,2016,Urology,HEK293 ,UMUC3,PLK-1,,,N,,,,https://pdf.sciencedirectassets.com/271959/1-s2.0-S0090429516X00052/1-s2.0-S0090429516001102/main.pdf?X-Amz-Security-Token=IQoJb3JpZ2luX2VjEBsaCXVzLWVhc3QtMSJHMEUCIQCVLmGBIkgNmGdKMcUaUW76fz21bi1U2XgjxHJsC0%2BRnwIgfMdcK7X2U3hkAbRv3FbDC2zmfOYAckCUvQUUyuCYMHAqsgUINBAFGgwwNTkwMDM1NDY4NjUiDK4UxiC73Zi51Rlx3yqPBQ3gCeGvfMz7Jizf60KhU8EvDoGeGWwr3dhvnrvqJ%2FAr6zBQtaJrzCA8qP9Dnd6iyjRsuhWluVqhe1vihyRdVe011R4Kssew85r0qyLEYhJJDv64SoRg3OvuHk0G5FKPa4%2Fm1gOZVyE8BghFTk7yoUHBrM3NRu2lQp5bDAi9hogl2UrVJm0GwL1D8krBzyrzALE1G1AlyBfFz9g%2Bjq4o9ugdacaIP%2FvFpoItjXs1M89dzRDBBNfhEYCF834cjh7pWvElCKYtFvJOGzWxfBRFR7VvNt5pLrMpOnzSzQdmVHaWcGDsbZOIPbrjfI%2F8jjVRCCYUsO4Q7mq14QstjcDVNvDfcf%2BC%2FONz4DUZK0pJmEiAsfZBhWzfOD%2FfW4kmR82CZHU750n9WOzfyB38R1Xovl88I6hqYOEF3oy0xcvyOXd4Wuy202yDQmezYpJlUFEUPyNqG911yIKo7gCW1fYJPVEdpTRaHeOQplRdK03tct93m2NuQtK%2BMhu55HuZo6lElxdCDP%2BCXueGKzxMQEjHpGtN7mrFE4PO53GP8u1c7yVlHT5NlhIOj9ttAa3Y%2F6RQUsZxNpALrCmHm3ncVwAypIkCD0lBFoIlq0HayPtjdQzRDwLZnBbW%2BYJyS3JZaYXxK59kyVG6oE2EPEGCDYe7BePs%2B6S%2F1p1kc1A8wY0ZKYRVBWbrstPuv4d0iQyRotj8bS2qfJZRx2f3ssgK371tWqY7SwL91Zm8RKlLD4qO9V7wTm4r7otvXRWvQ9K2eUjfVwS7mi%2FAMLBa9KmDWNT%2BWRk40eG17m9B5vnxbczdP7CthqFyV4IchgNxUnVDNiv1X29rUvK8YBrgm7RZ8kL%2BorvSONTG42jmf%2FnY%2Fev21d4wk6KmqQY6sQEKem9NLv63nCLU4SmxaG3f1dM05db6HIZkJtPs3IIFu9BJX1asXSlq0o88xclcydV93VOlDOYMO0W%2BOLJreQjxktlD3x5Gldi69fVnvUKrLlAhysV0o9BHHkODbLGh6IE0E2Klb1siOx2golwa%2F258%2FWaCXS2FvwnDksMAJRrQfr5yCfdyL56yHONfz2eG%2F6oT7jopJYIQRGwC%2B2hHIeU8F7bDUX6SqeKV7Z6hshC%2F%2F9M%3D&X-Amz-Algorithm=AWS4-HMAC-SHA256&X-Amz-Date=20231013T194203Z&X-Amz-SignedHeaders=host&X-Amz-Expires=300&X-Amz-Credential=ASIAQ3PHCVTYRNHF3CMI%2F20231013%2Fus-east-1%2Fs3%2Faws4_request&X-Amz-Signature=fc76e3c28647c4bad1badefb3f1960dea7a03b7ef5e133d66e438d688d131f0e&hash=d1eb03682c0d0aacecdfffd215c5b6d3cea1941abcd32a7d321d31af0c29f41f&host=68042c943591013ac2b2430a89b270f6af2c76d8dfd086a07176afe7c76c2c61&pii=S0090429516001102&tid=spdf-c017e3ec-823a-4704-b67f-3f84a46a679d&sid=9d8c5a405664f34fad3bbf518038a465b722gxrqa&type=client&tsoh=d3d3LnNjaWVuY2VkaXJlY3QuY29t&ua=0f165c525a055e53515c&rr=815a1049cf540f81&cc=us
10.7150/thno.16532,28435471,2017,Theranostics,dendritic cells,MDA-MB-231 cells,VEGF,,,N,,,,https://www.ncbi.nlm.nih.gov/pmc/articles/PMC5399599/pdf/thnov07p1360.pdf
10.1038/srep17543,26633001,2015,Scientific Reports,HEK-293,N2A,MOR,27,,N,,,,https://www.nature.com/articles/srep17543#Sec28
10.1093/nar/gks463,22618874,2012,Nucleic Acids Research,Plasma Exo,Monocytes (PBMC); Lymphocytes (PBMC),MAPK-1; MAPK-2,32.7; 28.23,,N,,,,https://academic.oup.com/nar/article/40/17/e130/2411174?login=true
10.1002/mds.25978,25112864,2014,Movement Disorders,DC-RVG(mod),SH-SY5Y,alpha-synuclein,85.75,,N,,,,https://movementdisorders.onlinelibrary.wiley.com/doi/full/10.1002/mds.25978
10.1208/s12248-016-0015-y,27882487,2017,AAPS Journal,bEND.3,UG-87MG,VEFG,25,,N,,,,https://link.springer.com/article/10.1208/s12248-016-0015-y#Sec2
10.1016/j.jconrel.2016.10.008,27742443,2016,Journal of Controlled Release,MCF-10A,MCF-7,CDK4,,,N,,,,https://pdf.sciencedirectassets.com/271103/1-s2.0-S0168365916X0020X/1-s2.0-S0168365916306526/main.pdf?X-Amz-Security-Token=IQoJb3JpZ2luX2VjEBwaCXVzLWVhc3QtMSJIMEYCIQDjgWrFbfwczW06SnMtC2M6RGgb1LJZev6AffKGeJzDhgIhAMuusu1juXN2xTfRESFx08TdBl1BjhsIXUC1d9xr8XjCKrIFCDUQBRoMMDU5MDAzNTQ2ODY1IgwrSecThFRWYsb96ZkqjwWaesYEScIjETcJOkxW6mXS5CxRyec%2F1mOmhq43VV6Fv%2BC9pKMKZ%2BRPnDKOiKxYoMSdGuBmjMOr3Krkuf1DUXBQBr6evComeYb%2BQnW%2BE69I%2BcwzCpULd6TU24VVgQjJoz2IofO0HFy6NM57u0zINmd%2B93x6PqaksKzTCXTPbBKCy6Z18Tas92qTOt5ucN%2BoUcpruyikwfu3IhrBI5vbcqsRgJLMornWWYOBb06CWl4uFIhDu%2BkQpLdQvnEZczoYqjcKTwnaW6%2BT%2BH81qdUo%2FpuSlhU5CfyoJHTHjd1hwDXYyOKhcHwkAxGnysFkCxd39m8zsovP0lWc51pCD82zWd2Yt%2FkpJUl59pnClTOWHfV7BUw5rHqTH%2BJG4pghWzriN2WghMnedKAD39snhHyUfTOpQLsO3c%2Fr%2Bu%2BfwpD339wyV0801WbU4mSt8veMICFdWMZALTIUbeE9bAw0EYyo%2Bxn%2F9zxSsZqVBPB2s5uNtC3WjyhYA23nM2m2U5Pdulfn%2FP4vO6CBf7oLyeypWPoYe5T%2FwZBfWdH3a7zZKI5b6OzTE%2BKk8SVOl2te7JrKwF%2BLPq5xbxfMTe7DE8PyteRSoZP%2BVc%2BEVGsBcVvwo4E9J%2FzGCjUlq9An1qIDityOn6kKLs4xLAG4Qblncry8ffq8ISs0ubXeAx7TJXl%2B7ylnIyBzyCiI0W9%2BPWiDuR49eq1%2F7IGJ%2FYIy9udWUd%2BsW1JrzWAi4K0VcKRqOnOC9Wr%2B5qvNWYSUFvLnOsC4oomZOLcBmoYDQqP%2F282DpzfaliBg5SWvrRXNuKwxtVilmvVg6HoqgrWyC11Mwb8a6FQ8c1c2ixgrR8u5Hd6u6il6cJk%2FxD9wkXP6Lb6g9ac6bhSW8rbZMMyzpqkGOrABRcoxE8TTZnRaxo2RxoHITBOTZhtLyiekDLjC6Er1oTwcT0m0jGoPn%2F4wZSs6cpsBsD4dN5C3FYQSmEPX5roiSK8nH7I%2FlqcHCx258SDh6jssmFra7g70oEejVl0QN0ASdVmxXzVcbVh0K9mOERMUgsaZGtRBgnkcLm4nTNiqI1%2Fk3LZrByG59Q7hslXtqNAv7pKY3JSBQoSsg9jEgz7TNzbFHhEUbcIY3LLZ0Pev02k%3D&X-Amz-Algorithm=AWS4-HMAC-SHA256&X-Amz-Date=20231013T195112Z&X-Amz-SignedHeaders=host&X-Amz-Expires=300&X-Amz-Credential=ASIAQ3PHCVTY7NYDKE56%2F20231013%2Fus-east-1%2Fs3%2Faws4_request&X-Amz-Signature=327b4b9468ba9c5ecf61e838488a5027a58b98d0c1d269c01d69127954147c86&hash=9f02a7b6071d008b7534a29f8214080c7e959a9cc9513ee206fa55d3b380a032&host=68042c943591013ac2b2430a89b270f6af2c76d8dfd086a07176afe7c76c2c61&pii=S0168365916306526&tid=spdf-d1ac5c12-0df6-4bd3-9c53-72342d13066a&sid=9d8c5a405664f34fad3bbf518038a465b722gxrqa&type=client&tsoh=d3d3LnNjaWVuY2VkaXJlY3QuY29t&ua=0f165c525a055e070406&rr=815a1dac7ff4c466&cc=us
https://doi.org/10.1016/j.bioactmat.2021.09.015,,2022,Bioactive Materials,MSC,osteoblasts,Runx2; Osterix; OCN; OPN; c-Fos; NFATc1,,,N,,,,https://www.ncbi.nlm.nih.gov/pmc/articles/PMC8636739/pdf/main.pdf
https://doi.org/10.1016/j.canlet.2022.215781,,2022,Cancer Letters,HEK293T,MDA-MB-231 cells,DARS-AS1,,200 pmol,N,,,,https://www.scopus.com/inward/record.uri?eid=2-s2.0-85104572809&doi=10.1016%2fj.cej.2021.129774&partnerID=40&md5=41569339dcb6582bcb9ae97d2b75ff03
https://doi.org/10.1039/D1NR06922E,,2022,Nanoscale,immortalized bone marrow-derived macrophages,iBMDMs,Ccr2; Ccr5; Cx3cr1,,,N,,,,https://pubs.rsc.org/en/content/articlepdf/2022/nr/d1nr06922e
https://doi.org/10.3389/fonc.2022.898156,,2022,Frontiers in Oncology,HEK293T,sorafenib-resistant HepG-2 cells,MDA,,,N,,,,https://www.frontiersin.org/journals/oncology/articles/10.3389/fonc.2022.898156/full
https://doi.org/10.1016/j.jddst.2022.103931,,2022,Journal of Drug Delivery Science and Technology,human fibroblast BJ cell line,MDA-MB-231 cells; MDA-MB-453 cells,PIK3CA; AKT; MTOR,,,N,,,,https://pdf.sciencedirectassets.com/311977/1-s2.0-S1773224722X00117/1-s2.0-S1773224722008425/main.pdf?X-Amz-Security-Token=IQoJb3JpZ2luX2VjEMP%2F%2F%2F%2F%2F%2F%2F%2F%2F%2FwEaCXVzLWVhc3QtMSJHMEUCIQC00Gn1sZH7RA0ZDtkUU26LMmQ0hT1C9uDi6Luvji%2F7WAIgW7BRjR7TPk0k%2BtF9Uxql6GvSbpOxVIven6VEv%2F%2F6dakqvAUIy%2F%2F%2F%2F%2F%2F%2F%2F%2F%2F%2FARAFGgwwNTkwMDM1NDY4NjUiDEY9bcnUFmNRUs7FqiqQBaivHC91VJ6rOgloct17H4ZQ9%2BZgm%2FBAv2%2BX1KJMT0xeVeQ1DcoeO8dngtP9a4TbA0m9KGPyd13PtiBPuBSZ4orh2im9C9EFi0wj4YbC6z7gtHSluD9Uuy1bGa3w5ttiOQ%2FgIlSOBXE7ka2DcOQh6NCqBvv0yRvq0u8d2rzCc136KXSS707hXEiE3gtg9kf13flk%2BWiNw%2Beg%2FApl7jF9GxYB7FaHiJJ4vPefu6uEd5eufqeDx%2FuPwzxOG4YuZZXd6ECfPRjk%2F31qAd%2Bsxn3k6ro1KGEo5T5K%2BBmqXi4Uns5Io3KDpvv4%2FIbJtKn9oARnMtJK%2BSDgNVr05DZ9J9QHy%2FaVYdNVPzk%2Fi7gANtVnJrXQFdN4skamRwtlxOhe7ynJgbySzylHO%2Bx3ioBtj51Fr3ndP12arnmOn2Kb0y1mzM5S5iz2JLVA4OkzsDwoUNrGqMqlCPvu3L3erkJ%2F1faU09tDk%2BkSsyKIY2l7I%2BPuH%2BsIMNESAs1H%2B8P8PNspwR1S1N9TCwj%2BME2d%2BZJnrlEOs%2FUcvqElHwaJ%2FdgZqUtQnk3Rsihyp8P%2FYiXQsOS77RMyXKFvlO7hryUewQzTb0GXGO3jy5hP5Z9I0%2Bxf9oA%2B9QCH4UlKq3PRel883sfgEBfaRdPhEBBnRMYnCjOiL3MLwoSpZk1JPSqwxkvgBLmo%2FvMuNt76BVPQKSu5KJDaLXve2ROlH3BmJYi6bci8l7g2kaTfabIu7Ga3ixH03YFnQ6vVuvvMTW2WYgqFTSBvK%2BNjox7b%2F0ERTJPDvvcPIpzX2YIQxOL2Dp9QzhyUT5bLhEVicqLsy0Pz94WvZmLHUR3xlgOPmU1yHadciwRCbsAYB3zFYMy2hSovWt%2BQ4cGkKtcFMPbjkqkGOrEB1fI2lwGL3d9IS8WMAskkl4tjSCRjhaQ62vcwVP52o%2FdmnrLuq9PndXNPrLVb7v8bTr1Lxo8DTzEQml16W2nUr%2FnvV9Ac0FJhgWbIllfdzr3dq7U6AVJDU7fqEih5Z5ymu%2BA1kr8gBnhGjlTFm9R5adkBD5uFR2As9ilVENsaZc76boYtmMbaohbklxFedKyY3BRGpXbi2TIitTC2pPItUCxuFPEEmYczwLFMdSonX%2FBM&X-Amz-Algorithm=AWS4-HMAC-SHA256&X-Amz-Date=20231010T025355Z&X-Amz-SignedHeaders=host&X-Amz-Expires=300&X-Amz-Credential=ASIAQ3PHCVTY4XZ6JLC4%2F20231010%2Fus-east-1%2Fs3%2Faws4_request&X-Amz-Signature=5c6b23daaf2104b41fb12b30c59b9397a54839247cbc1f96d7fbdd77c2088f12&hash=52e105b4fbf2a8cc27b14b49be24f6c1d336ca77ebf832b3697dc6cb9d208caa&host=68042c943591013ac2b2430a89b270f6af2c76d8dfd086a07176afe7c76c2c61&pii=S1773224722008425&tid=spdf-3c8b2913-7378-4ce6-9efe-5942869ae926&sid=a3281bc77d14e345225998c70ad6456c848cgxrqa&type=client&tsoh=d3d3LnNjaWVuY2VkaXJlY3QuY29t&ua=0f105b50550d57575257&rr=813b93658cdf081f&cc=us
https://doi.org/10.1016/j.biomaterials.2020.120369,,2021,Biomaterials,PANC-1 pancreatic cancer,PANC-1 cells,PAK4,,12nM Exo-siPAK4; 30 nM Exo-siPAK4; 12 nM Exo-siPAK4,N,,,,https://pdf.sciencedirectassets.com/271870/1-s2.0-S0142961220X00330/1-s2.0-S0142961220306153/main.pdf?X-Amz-Security-Token=IQoJb3JpZ2luX2VjEMP%2F%2F%2F%2F%2F%2F%2F%2F%2F%2FwEaCXVzLWVhc3QtMSJGMEQCIHvThtUeIBrrtXn4tz8BiuXBKAOqQMP82QErBFuwMRLcAiAKZ71sL0gFMYT%2BGdpq9jCoC2SJ8ZUz9oWc50wGqunuKiq8BQjM%2F%2F%2F%2F%2F%2F%2F%2F%2F%2F8BEAUaDDA1OTAwMzU0Njg2NSIM6h5o02h83H4sG%2BBuKpAFgds%2BZ3a92j9UGw%2FRk6MU6GtB1YY%2BYlaZgaGuqa2iDq9tFOuLwmkvcUS6IdW2Jj%2F7DccWtBA%2FzkvsVeJ%2FXdzUqqxsHaSCkBgwg1ZRDJDDwe3ngorY8%2FHSWAfnihBmsO%2BL8J%2FdjLOPf90sDV5jzOQDS2HGfWFP7mpxBLhUUmsMU2hJf7kIOIDdu%2B7do%2FBpY2jiw9TzcsBXlMQgGMW96X5%2FdmHAr7%2FOxxvHbuDwZLE%2FExPn1YZjtxbcodXDN4ATfbYKEWcC7AUW30r3X9AtrGZCcf72ZZM9U1hhNPOkx3LmSkxPdy7%2FaDi7OC%2Fbqu0oc5GUK5HluOB36qUxYqKQhsJ53jf%2BXRpgwyz6BVyNLUfVAHC%2FGgS3rm%2FHaAKuBhdORQoAphGiEVsBSGVYabKUXb%2F3M2ig8gRGU7m%2FMp66YMaCnPErM2tSzzcNQp6HZKCfBSqze1kD7%2F7v8mcoDWD8JtC8gsXn6ggwfIQ35tgEXDoP6kBRIGZzZM039Ge%2BjsUL2y6iozO2oHwxXrvfUtcrszODRvWwhe%2F8BMyfpVx4kCmUC89rSQ3FRS%2BoAF%2FhsnzZq%2BtbTZ3SekGhcm7z6cHlj%2Ffm4VHi0HA9n%2FzP%2Bu8SfSKgqn%2Frjx2zGaXxpSorcNnq3OOAqHhCOvWEEybpJ1kQsKX%2B7bZ5o3hqSJTH1V4k%2Bizrin8HQy4kJnDbkcVz%2FaH8AB%2B6Q0eeX2BA1b6MdQ3IBWlQOC5%2FzPVnhda3n8S%2FseopbTcM7NZEg6frzccRKgzdTXLiMJN0yJKVfvL0w2wXHV%2FPlrr0Z8goO0Hki1qHei4ZPPg%2B2WLU1UyxACX8AA3uOlJ05CiY3v5fkwCohPjBtP9FRG9H2NJuOsYc%2BlwhrEWMGXswj%2BySqQY6sgHI2rLIXubpXSiXOBaXr2Ah%2BRLNC8imVXh%2FHoNwNoCCYRHkJZBy8Fi%2FSjbythbtUzdAYd566X%2FOfZdtdAhWjuGuaHpnGj5cp5VGHSVnZNybHJxWbCU%2F7EfxLZPrsDR%2FL7YT9cXQnAA15FP%2BT%2FjjKvL4QtpTJaBzbc%2BYAhAd2jCWfb7B6O5uv5Y%2BIcEhtdM9w68PGpd%2Fdk2hltfZPSb%2F%2B%2BH%2FTWLfMs24AHDJUxkcJMnb5aKI&X-Amz-Algorithm=AWS4-HMAC-SHA256&X-Amz-Date=20231010T032843Z&X-Amz-SignedHeaders=host&X-Amz-Expires=300&X-Amz-Credential=ASIAQ3PHCVTY2ZN7U2HL%2F20231010%2Fus-east-1%2Fs3%2Faws4_request&X-Amz-Signature=acdfab3720b4f20da292761b4e1495576d224bc9cced4c13bcf8ab627c47b196&hash=69301f7d7cda3257d4167473187cae279169cc482d85029a0008d09833438d76&host=68042c943591013ac2b2430a89b270f6af2c76d8dfd086a07176afe7c76c2c61&pii=S0142961220306153&tid=spdf-eed41024-8113-4d97-9693-647304bea399&sid=a3281bc77d14e345225998c70ad6456c848cgxrqa&type=client&tsoh=d3d3LnNjaWVuY2VkaXJlY3QuY29t&ua=0f105b50550d0d525107&rr=813bc65e8830b112&cc=us
https://doi.org/10.1002/adfm.202006515,,2020,Advanced Functional Materials,M1 macrophage,CT26 cells,PD-L1,,,N,,,,https://onlinelibrary.wiley.com/doi/10.1002/adfm.202006515
https://doi.org/10.1002/hep4.1311,,2019,Hepatology Communications,fat free milk,HepG2,BCAT; Cylinc-D1,,0.50ug/uL tMNV,Y,"5E8, 5E9, 5E10, 5E11 tMNV particles; 12.5nM, 25nM, 50nM, 100nM",22.58 nM,,https://aasldpubs.onlinelibrary.wiley.com/doi/epdf/10.1002/hep4.1311
https://doi.org/10.3390/genes11040351,,2020,Genes,A549 ,HAE,HPRT,,10ug,N,,,,https://www.mdpi.com/2073-4425/11/4/351
10.1038/nprot.2012.131,23154783,2012,Nature Protocols,BMDC,LucU20S,luciferase,,10ug,N,,,,https://www.nature.com/articles/nprot.2012.131
10.3892/ol.2018.9752,30675260,2019,Oncology Letters,HEK-293,FaDu cells,transient receptor potential polycystic 2 (TRPP2),45,,N,,,,https://www.spandidos-publications.com/10.3892/ol.2018.9752
10.1038/nbt.1807,21423189,2011,Nature Biotechnology,DC ,N2A; C2C12,GAPDH; BACE1,8.2; -3.2; 35.4; 61.33; -3.8; 64.1,,Y,"3 point (50, 100, 200 nM)",,,https://www.nature.com/articles/nbt.1807?..
10.1038/nature22341,28607485,2017,Nature,normal fibroblast-like mesenchymal cells,PANC-1 cells,p-ERK (siRNA); p-ERK (shRNA),92; 64.1,400 exo/cell; 24,N,,,,https://www.nature.com/articles/nature22341#Sec8
10.1371/journal.pgen.1003411,23555312,2013,PLoS Genetics,HEK293,FaDu cells,TRPP2 mRNA,44.82,,N,,,,https://www.proquest.com/docview/2174138954/fulltextPDF/8F800D16F22E4D0FPQ/1?accountid=14244
10.1016/j.archoralbio.2023.105753,37348363,2023,Archives of Oral Biology,Mouse Plasma Evs,Primary calvarial osteoblast-like cells,Fgfr2 S252W,,,N,20 pmol/well,,,https://www.scopus.com/inward/record.uri?eid=2-s2.0-85162177249&doi=10.1016%2fj.archoralbio.2023.105753&partnerID=40&md5=36b95fe405519cbee997e6fd50f0d102
10.1038/s41419-023-06159-3,37739958,2023,Cell Death and Disease,Mouse Plasma Evs,HUVEC,VEGFR2,,,Y,"4ug, 20 ug, 100 ug",,,https://www.scopus.com/inward/record.uri?eid=2-s2.0-85171832726&doi=10.1038%2fs41419-023-06159-3&partnerID=40&md5=467298ce530673956c114bccde328256
10.1038/s41565-024-01624-2,38480836,2024,Nature Nanotechnology,HMSC,Jurkat cells,PPIB,,,Y,ranging from 1 µM to 0.008 µM),135 nM; 3.7 nM; 56 nM; 46 nM,"Cholestrol; Divalent myristic acid; Interestingly, EVs performed better than LNPs when delivering both cholesterol-siRNA (Fig. 1.A. p=0.035) or di-ma-siRNA (Fig. 1.B., p<0.0001).",https://www.scopus.com/inward/record.uri?eid=2-s2.0-85187706045&doi=10.1038%2fs41565-024-01624-2&partnerID=40&md5=5e3e87b6759449c35de4398aeaf24278
10.1186/s12951-024-02414-7,38589859,2024,Journal of Nanobiotechnology, HEK293T,PC9 cells,LPCAT1,,,N,,,,https://www.scopus.com/inward/record.uri?eid=2-s2.0-85189755985&doi=10.1186%2fs12951-024-02414-7&partnerID=40&md5=53654205d13980a22fda78cc93717802
10.1016/j.bioactmat.2023.09.019,37965241,2023,Bioactive Materials, HEK293T,BMDM,Drp1,,,N,,,,https://www.scopus.com/inward/record.uri?eid=2-s2.0-85174847659&doi=10.1016%2fj.bioactmat.2023.09.019&partnerID=40&md5=ecaff3d3a51bd1fafbc2e0113951558a
10.1016/j.jconrel.2024.04.009,38582335,2024,Journal of Controlled Release,Expi293F cell,chondrocytes,MMP13,,,N,,,,https://www.scopus.com/inward/record.uri?eid=2-s2.0-85189491668&doi=10.1016%2fj.jconrel.2024.04.009&partnerID=40&md5=f5b55a7e2e4ffec12cc73c545dc2ed6d
10.1186/s12967-023-04461-4,37737187,2023,Journal of Translational Medicine,Human umbilical cord-derived MSCs,MN9D cells,FTO,,,N,,,,https://www.scopus.com/inward/record.uri?eid=2-s2.0-85171857368&doi=10.1186%2fs12967-023-04461-4&partnerID=40&md5=d9ae13215428f74716b27ebf5b0380b1
10.1186/s12951-024-02361-3,38468249,2024,Journal of Nanobiotechnology,induced mesenchymal stem cel,HFF-1; HMEC-1,Src,,,N,,,,https://www.scopus.com/inward/record.uri?eid=2-s2.0-85187211333&doi=10.1186%2fs12951-024-02361-3&partnerID=40&md5=5f97f1024c5420bb368fbd10f4f277be
10.1186/s12951-024-02721-z,39044233,2024,Journal of Nanobiotechnology,milk exosomes,BEAS-2B,TGF-β1,,,N,,,,https://www.scopus.com/inward/record.uri?eid=2-s2.0-85199309997&doi=10.1186%2fs12951-024-02721-z&partnerID=40&md5=ba8aa34af38708f5a3f3179150fa7664
10.1038/s41598-023-30180-3,36813850,2023,Scientific Reports,Grapefruit,HaCaT cells,Luciferse,,,N,,,,https://www.scopus.com/inward/record.uri?eid=2-s2.0-85148551357&doi=10.1038%2fs41598-023-30180-3&partnerID=40&md5=dafecf8036d1ce4d29463684b71ec093
10.1016/j.bioadv.2023.213643,37778291,2023,Biomaterials Advances, BJ cells,MDA-MD 231,MEK-1,,,N,,,,https://www.scopus.com/inward/record.uri?eid=2-s2.0-85172470820&doi=10.1016%2fj.bioadv.2023.213643&partnerID=40&md5=36badd77d9da3ccc45179cb99eae33ad
10.3390/ijms25010546,38203716,2023,International Journal of Molecular Sciences,Tangerine,SW480 cells,DDHD1,,,N,,,,https://www.scopus.com/inward/record.uri?eid=2-s2.0-85182100559&doi=10.3390%2fijms25010546&partnerID=40&md5=7bf4a92c84e63e0683c48a1b2968ea2e
10.1186/s12951-023-02173-x,37924132,2023,Journal of Nanobiotechnology,Milk ,J774A.1,GAPDH,,,N,0.004 and 0.01 nmol/mL,,,https://www.scopus.com/inward/record.uri?eid=2-s2.0-85175841627&doi=10.1186%2fs12951-023-02173-x&partnerID=40&md5=e9dee7449ddc1140982361deab9b83f5
10.1002/adtp.202300335,,2024,Advanced Therapeutics,CAF,CAF; J774A.1,RP11-161H23.5; GAPDH,,,N,0.05 and 0.03 nmol/mL,,,https://www.scopus.com/inward/record.uri?eid=2-s2.0-85182474407&doi=10.1002%2fadtp.202300335&partnerID=40&md5=39c6cfa066c2a98d8a12bd5e94b0a12f
10.1016/j.bioactmat.2023.12.010,38223538,2023,Bioactive Materials,Bovine milk,NCM460 cells,TNF Alpha,,,N,,,They did dose response (high and low) in vivo,https://www.scopus.com/inward/record.uri?eid=2-s2.0-85180939466&doi=10.1016%2fj.bioactmat.2023.12.010&partnerID=40&md5=a8a209f6cf9ffd894cd6c98be5a2fd6c
10.1186/s12951-023-01766-w,36740689,2023,Journal of Nanobiotechnology,Kiwi EVs,PC9-GR4-AZD1,STAT3,,,N,,,,https://www.scopus.com/inward/record.uri?eid=2-s2.0-85147391048&doi=10.1186%2fs12951-023-01766-w&partnerID=40&md5=78a2b3db0debf656ae639ec3a72c159e
10.1016/j.biopha.2024.116161,38244330,2024,Biomedicine and  Pharmacotherapy,RAW264. 7,RAW264.7,RIPK3,,,N,,,,https://www.scopus.com/inward/record.uri?eid=2-s2.0-85182896235&doi=10.1016%2fj.biopha.2024.116161&partnerID=40&md5=38f2f21003594be79302aaf0133c17b0
10.1002/jev2.12371,37795828,2023,Journal of Extracellular Vesicles,Human Plasma,iPSC-vCM,NOX4,,,N,,,,https://www.scopus.com/inward/record.uri?eid=2-s2.0-85173164526&doi=10.1002%2fjev2.12371&partnerID=40&md5=842d19c066d83b0ad1adc6a848f2614e
10.1186/s12935-023-02985-9,37525212,2023,Cancer Cell International,HEK293T,MGC-803,SALL4,,,N,,,,https://www.scopus.com/inward/record.uri?eid=2-s2.0-85166228505&doi=10.1186%2fs12935-023-02985-9&partnerID=40&md5=c017e9a72c8ce379a6d420f029752dcb
10.1016/j.apsb.2024.04.010,39234613,2024,Advanced Therapeutics,Milk,CT26 cells; HEK293,PDL1; GFP,,,N,5 pmol and 20 pmol of siRNA,,They did dose response (high and low) in vivo,https://www.scopus.com/inward/record.uri?eid=2-s2.0-85192184554&doi=10.1016%2fj.apsb.2024.04.010&partnerID=40&md5=0722f55bf06fa71c98659bd2ec8442a9
10.1021/acsbiomaterials.4c00952,39150495,2024,ACS Biomaterials Science and Engineering,MC3T3-E1,K7M2,Hdac-1,,,N,,,They did dose reponse with only the siRNA and lipofectamine but not with Evs,https://www.scopus.com/inward/record.uri?eid=2-s2.0-85201456361&doi=10.1021%2facsbiomaterials.4c00952&partnerID=40&md5=384ee5b65a913dd1fcbc3dfe64c1e84e
10.1021/acsabm.3c01108,38630629,2024,ACS Applied Bio Materials,Herbs,MCF7,ERaP1,,,N,,,,https://www.scopus.com/inward/record.uri?eid=2-s2.0-85191031523&doi=10.1021%2facsabm.3c01108&partnerID=40&md5=a481db774e8f676ac7c38165968f2bac
10.1016/j.ijpharm.2024.124159,38701907,2024,International Journal of Pharmaceutics,Milk,RA FLS,TNF Alpha,,,N,,,,https://www.scopus.com/inward/record.uri?eid=2-s2.0-85192215858&doi=10.1016%2fj.ijpharm.2024.124159&partnerID=40&md5=5536bacf60a75b8200ea1cc918a34ba8
10.1080/2162402X.2022.2152635,36605619,2022,Oncoimmunology,,,CD38,,,N,,,,https://www.scopus.com/inward/record.uri?eid=2-s2.0-85145165598&doi=10.1080%2f2162402X.2022.2152635&partnerID=40&md5=eaf594a260cb4784ea3d5ae154e9902e
10.3390/cancers15112901,37296864,2023,Cancers,,"PANC, LS180, BxPC-3",KRASG12D,,,N,,,,https://www.scopus.com/inward/record.uri?eid=2-s2.0-85162175861&doi=10.3390%2fcancers15112901&partnerID=40&md5=7f73ec094014adf5935fdad7354da059
10.1016/j.ymthe.2023.03.036,37016578,2023,Molecular Therapy,RBC,,Mstn,,,N,,,,https://www.scopus.com/inward/record.uri?eid=2-s2.0-85152656069&doi=10.1016%2fj.ymthe.2023.03.036&partnerID=40&md5=1468dc68eba609bb83b7aa769c7b2e56
10.1016/j.bioactmat.2022.11.011,36474657,2022,Bioactive Materials,iNSC,,CCl2,,,N,,,in SI,https://www.scopus.com/inward/record.uri?eid=2-s2.0-85142715587&doi=10.1016%2fj.bioactmat.2022.11.011&partnerID=40&md5=a0df1ba61f2eda003870e2dcca16d311
10.1007/s11060-023-04257-y,36854924,2023,Journal of Neurooncology,,SHG-44 cells,Galectin-9,,,N,,,,https://www.scopus.com/inward/record.uri?eid=2-s2.0-85149019551&doi=10.1007%2fs11060-023-04257-y&partnerID=40&md5=2f85996e845ed6e7c6d9bd4764de0942
10.3389/fimmu.2023.1109381,36845116,2023,Frontiers in Immunology,,"RAW264.7 , epithelial cells",NFKB,,,N,,,,https://www.scopus.com/inward/record.uri?eid=2-s2.0-85148608946&doi=10.3389%2ffimmu.2023.1109381&partnerID=40&md5=5e88e76918b3f5c511bc45fc21da28e1
10.2147/DDDT.S414758,37489176,2023,"Drug Design,  Development, and Therapy",DC,,BRAF,,,N,,,,https://www.scopus.com/inward/record.uri?eid=2-s2.0-85165774969&doi=10.2147%2fDDDT.S414758&partnerID=40&md5=41ad7c5e839cb68d280da8300faa9fac
10.3390/genes14020261,36833188,2023,Cancers,,,,,,N,,,,https://www.scopus.com/inward/record.uri?eid=2-s2.0-85148856059&doi=10.3390%2fgenes14020261&partnerID=40&md5=c51e4f6f861d2c7ebefefe052ec4bc1a
10.1002/adma.202204910,36484103,2023,Advanced Materials,,"MGC-803, HGC27",YTHDF1,,,N,,,,https://www.scopus.com/inward/record.uri?eid=2-s2.0-85145281879&doi=10.1002%2fadma.202204910&partnerID=40&md5=fe715e1b47ab8a5f8b1b61cdce3b5db2
10.1021/acsnano.3c00668,37141393,2023,ACS Nano,,"HCT116r, LOVOr",CCDC80,,,N,,,,https://www.scopus.com/inward/record.uri?eid=2-s2.0-85159586658&doi=10.1021%2facsnano.3c00668&partnerID=40&md5=879904b729c6d4009a7f047069e89fdd
